,loss,accuracy,val_loss,val_accuracy
0,0.46833357214927673,0.7898811101913452,0.8516446352005005,0.5437430739402771
