,loss,accuracy,val_loss,val_accuracy
0,0.45203012228012085,0.8672933578491211,37.54054260253906,0.5913621187210083
