,loss,accuracy,val_loss,val_accuracy
0,0.631871223449707,0.8247166275978088,41.39976501464844,0.5448504686355591
