,loss,accuracy,val_loss,val_accuracy
0,0.367154985666275,0.8280342817306519,0.7677131295204163,0.6024363040924072
