,loss,accuracy,val_loss,val_accuracy
0,0.36576181650161743,0.8490461707115173,0.6398169994354248,0.6622369885444641
