,loss,accuracy,val_loss,val_accuracy
0,0.5050033330917358,0.7912634611129761,63315.89453125,0.5437430739402771
