,loss,accuracy,val_loss,val_accuracy
0,1.0965505838394165,0.6989217400550842,64976696.0,0.4562569260597229
