,loss,accuracy,val_loss,val_accuracy
0,0.5509815216064453,0.7520044445991516,0.6866211295127869,0.5603543519973755
