,loss,accuracy,val_loss,val_accuracy
0,0.566813051700592,0.8252695798873901,1385671426048.0,0.4562569260597229
