,loss,accuracy,val_loss,val_accuracy
0,2.1273207664489746,0.7716339230537415,361993043968.0,0.5437430739402771
