,loss,accuracy,val_loss,val_accuracy
0,1.897375226020813,0.6856510639190674,691973824.0,0.4562569260597229
