,loss,accuracy,val_loss,val_accuracy
0,0.34972473978996277,0.8772463202476501,99.0728988647461,0.8438538312911987
