,loss,accuracy,val_loss,val_accuracy
0,3.4429757595062256,0.6994746923446655,54080900.0,0.4562569260597229
