,loss,accuracy,val_loss,val_accuracy
0,0.3881184756755829,0.8597898483276367,0.4236868917942047,0.8783186078071594
