,loss,accuracy,val_loss,val_accuracy
0,3.074160099029541,0.5805916786193848,47377.25390625,0.5437430739402771
