,loss,accuracy,val_loss,val_accuracy
0,0.5085389018058777,0.8271570801734924,132165.6875,0.4502212405204773
