,loss,accuracy,val_loss,val_accuracy
0,0.5509163737297058,0.8424108624458313,52294.30859375,0.4562569260597229
