,loss,accuracy,val_loss,val_accuracy
0,2.0964853763580322,0.5116150379180908,2983151.5,0.5497787594795227
