,loss,accuracy,val_loss,val_accuracy
0,0.7093446254730225,0.7591261267662048,664857.125,0.5464601516723633
