,loss,accuracy,val_loss,val_accuracy
0,0.5414537191390991,0.7591261267662048,0.7954305410385132,0.5497787594795227
