,loss,accuracy,val_loss,val_accuracy
0,0.6148593425750732,0.8136577010154724,242.91864013671875,0.5393133759498596
