,loss,accuracy,val_loss,val_accuracy
0,0.5138776302337646,0.8166989088058472,22021.703125,0.5437430739402771
