,loss,accuracy,val_loss,val_accuracy
0,1.40205717086792,0.5707964897155762,40933176.0,0.4502212405204773
