,loss,accuracy,val_loss,val_accuracy
0,1.323117733001709,0.5869505405426025,2732338.0,0.5437430739402771
