,loss,accuracy,val_loss,val_accuracy
0,0.6006072163581848,0.8429203629493713,4.534177303314209,0.8705752491950989
