,loss,accuracy,val_loss,val_accuracy
0,0.35488930344581604,0.8399226069450378,0.738088846206665,0.5437430739402771
