,loss,accuracy,val_loss,val_accuracy
0,5.817054271697998,0.6498894095420837,1011931328.0,0.5497787594795227
