,loss,accuracy,val_loss,val_accuracy
0,0.34531715512275696,0.8819137215614319,0.4656692445278168,0.8794247508049011
