,loss,accuracy,val_loss,val_accuracy
0,0.537770688533783,0.7857340574264526,0.7046396732330322,0.5437430739402771
