,loss,accuracy,val_loss,val_accuracy
0,0.35735049843788147,0.8736522197723389,1.0421741008758545,0.8460686802864075
