,loss,accuracy,val_loss,val_accuracy
0,0.33022889494895935,0.8490044474601746,1.17611825466156,0.5497787594795227
